1,Chocolate Chip Cookie Mix,59,Food - Baking,Everything you need to bake delicious chocolate chip cookies.,2.49
1,Chocolate Chip Cookie Mix,59,Food - Baking,Everything you need to bake delicious chocolate chip cookies.,2.49
2,Frozen Burritos,94,Food - Frozen Foods,Easy-to-heat frozen burritos for a quick meal.,8.99
3,Chickpea Pancakes,69,Food - Frozen,"Savory pancakes made with chickpea flour, high in protein.",4.99
4,Pasta (Fusilli),89,Food - Pasta,Twisted pasta perfect for salads and pasta dishes.,1.79
5,Spicy Italian Sausage,2,Food - Meat & Seafood,"Savory sausage with a blend of spices, perfect for pasta dishes.",4.99
6,Applewood Smoked Bacon,91,Food - Meat,Delicious bacon with a rich applewood smoked flavor.,6.99
7,Pressure Washer Accessories Kit,77,Home Improvement,Essential attachments for pressure washing.,39.99
8,Adjustable Kneeling Pad,39,Garden,Comfortable kneeling pad for gardening or home projects.,18.99
9,Interactive Plush Toy,94,Toys,"Soft, cuddly toy that interacts with children.",34.99
10,Luxury Bathrobe,39,Clothing,Soft and cozy bathrobe perfect for relaxing at home.,49.99
11,Chickpeas,76,Food - Canned Goods,"Canned chickpeas, perfect for hummus or salads.",1.29
12,Jennifer's Amazing Lip Balm Kit,59,Beauty,DIY kit to make your own lip balms in various flavors.,22.99
13,Sweetened Condensed Milk,18,Food - Baking Goods,Rich and creamy milk perfect for baking or desserts.,1.89
14,Classic Black Dress,7,Clothing - Dresses,A versatile black dress that can be styled for any occasion.,79.99
15,Glass Water Bottle,34,Fitness,Borosilicate glass water bottle with silicone sleeve.,25.99
16,Infrared Thermometer Gun,5,Health,Non-contact thermometer for quick and easy temperature readings.,29.99
17,Pomegranate Juice,46,Food - Beverages,"Fresh pomegranate juice, rich in antioxidants.",4.49
18,Portable Air Conditioner,84,Home Appliances,Compact air conditioner for personal cooling.,299.99
19,Compact Dishwasher,3,Home Appliances,Countertop dishwasher for small kitchens.,299.99
20,Outdoor Folding Table,18,Outdoor,Lightweight and portable folding table for camping or picnics.,39.99
21,Portable Folding Picnic Table,77,Outdoor,Easy-to-set-up picnic table for outdoor dining.,69.99
22,Pumpkin Spice Creamer,76,Food - Beverages,A seasonal creamer that adds pumpkin spice flavor to coffee or tea.,3.79
23,Vegan Taco Seasoning,64,Food - Spices,Spice blend for creating flavorful vegan taco filling.,2.49
24,Mesh Laundry Bags Set,29,Home,Laundry bags perfect for delicates and organizing clothes.,12.99
25,Wireless Wi-Fi Extender,29,Electronics,Boosts your Wi-Fi coverage for better connectivity.,49.99
26,Ginger Turmeric Latte Mix,46,Food - Beverages,A warming blend of ginger and turmeric for lattes.,5.29
27,Peach Mango Smoothie,80,Food - Beverages,A refreshing blend of peaches and mangoes for a delicious smoothie.,3.49
28,Cinnamon Sugar Mix,97,Food - Baking,Sweet mixture of cinnamon and sugar for sprinkling.,1.49
29,Red Lentils,86,Food - Grains,Nutritious and quick-cooking red lentils.,1.99
30,Reversible Swimming Pool Lounger,68,Outdoor,Floating lounger for relaxation in swimming pools or lakes.,34.99
31,Butternut Squash Soup,73,Food - Soups,"Creamy and delicious soup made with real butternut squash, ready to heat.",3.49
32,Garam Masala Spice Blend,71,Food - Spices,A fragrant Indian spice blend for curries and stews.,2.79
33,Fitness Balance Ball,62,Fitness,Stability ball for Pilates and yoga workouts.,24.99
34,Handmade Leather Wallet,3,Accessories,High-quality leather wallet with multiple compartments.,49.99
35,Smart Thermostat,23,Smart Home,Wi-Fi enabled thermostat for energy-saving temperature control.,149.99
36,Cereal Dispenser with Portion Control,68,Kitchen,Maintain freshness and dispense cereal easily.,24.99
37,Portable Speaker Stand,82,Audio,Adjustable stand for portable speakers and devices.,39.99
38,Coffee Grinder,95,Kitchen,Burr coffee grinder for fresh ground coffee.,39.99
39,Vegetable Stir Fry Mix,7,Food - Fresh Produce,A mix of fresh vegetables for quick stir-fries.,3.29
40,Snap-On Tupperware Set,94,Kitchen,Durable and versatile food storage containers.,34.99
41,Sesame Noodles,98,Food - Grab-and-Go,"Chilled noodles dressed in sesame sauce, ready to eat.",5.99
42,Air Purifier,69,Home,HEPA air purifier for clean indoor air.,129.99
43,Spicy Avocado Salsa,37,Food - Condiments,"A zesty salsa made from ripe avocados, tomatoes, onions, and jalape√±os, great for dipping or topping.",4.49
44,Coconut Curry Chicken,51,Food - Frozen Foods,"Tender chicken cooked in a rich coconut curry sauce, ready to heat and serve.",9.99
45,Spinach and Cheese Stuffed Shells,98,Food - Frozen Meals,Delicious pasta shells filled with spinach and cheese,5.99
46,Crispy Potato Tots,23,Food - Frozen Foods,"Golden brown potato tots, crispy on the outside and fluffy inside.",3.69
47,Cacao Powder,42,Food - Baking,Unsweetened cacao powder for baking and smoothies.,4.49
48,Savory Rice Cakes,23,Food - Snacks,"Lightly salted rice cakes, perfect for a healthy snack.",2.5
49,Handmade Leather Journal,30,Books,Beautiful leather-bound journal for writing and sketching.,39.99
50,Striped Long Sleeve Shirt,22,Clothing - Shirts,A casual striped long sleeve shirt that's perfect for layering.,29.99
51,Flavored Instant Oatmeal,93,Food - Breakfast,Quick oatmeal with various flavors,2.99
52,Portable Jump Starter,96,Automotive,Compact jump starter for emergency vehicle starts.,59.99
53,Electric Wine Opener,24,Kitchen,Rechargeable electric wine opener for effortless uncorking.,29.99
54,Gingerbread House Kit,21,Food - Baking,Everything you need to build a festive gingerbread house.,6.99
55,Granulated Sugar,53,Food - Baking,Fine granulated sugar for all your baking needs.,2.49
56,Ramen Noodles,85,Food - Pasta,Quick-cooking ramen for instant meals.,0.99
57,Handheld Shower Head,16,Bathroom,Adjustable shower head for a luxurious shower experience.,34.99
58,Portable Solar Charger,44,Electronics,Solar-powered charger for smartphones and tablets.,29.99
59,Rustic Wooden Picture Frame,28,Home,Charming frame to showcase your favorite photos.,19.99
60,Sporty Leggings,61,Clothing - Activewear,Functional leggings designed for maximum comfort during workouts.,39.99
61,Wireless Security Camera,92,Home,1080p wireless security camera with night vision.,109.99
62,Frozen Pizza,21,Food - Frozen Foods,Delicious frozen pizza with a variety of toppings.,7.99
63,Cinnamon Roll Kit,36,Food - Baking,Everything you need to make melt-in-your-mouth cinnamon rolls at home.,6.89
64,Electric Kettle,35,Kitchen,Rapid boil electric kettle with temperature control.,39.99
65,Lightweight Workout Tank,88,Clothing - Activewear,Breathable tank top perfect for workouts or casual wear.,29.99
66,Almond Coconut Granola,73,Food - Breakfast Foods,Crunchy granola with almonds and coconut.,3.99
67,Energy Protein Bars,87,Food - Snacks,Nutritious bars packed with protein for energy,2.29
68,Chocolate Peanut Butter Cups,28,Food - Snacks,Delicious dark chocolate cups filled with creamy peanut butter.,2.29
69,Vegan Mac & Cheese,30,Food - Frozen,Creamy vegan mac and cheese made with cashew cheese.,8.99
70,Garlic Breadsticks,53,Food - Sides,"Ready-to-bake garlic breadsticks, perfect with pasta dishes.",3.49
71,Plant Growing Kit,33,Garden,Complete kit for growing herbs indoors.,22.99
72,Garlic Parmesan Roasted Nuts,72,Food - Nuts,"Savory, roasted nuts seasoned with garlic and parmesan.",4.89
73,Fettuccine Alfredo Dinner Kit,8,Food - Prepared Meals,Easy meal kit for creamy fettuccine Alfredo.,5.49
74,Deep Tissue Massage Gun,65,Health,Rechargeable massage gun for relieving muscle soreness.,89.99
75,Digital Alarm Clock,46,Home,Snooze function and LED display for easy reading.,19.99
76,Beard Grooming Kit,71,Grooming,Everything you need for maintaining a healthy beard.,34.99
77,Kale & Quinoa Salad Mix,29,Food - Salads,"A nutrient-packed salad mix with kale, quinoa, and a lemon vinaigrette, ready to eat.",4.49
78,Honey Sesame Chicken,44,Food - Frozen Food,A delicious chicken dish featuring honey and sesame flavors.,8.99
79,Window A/C Unit,79,Home Appliances,Energy-efficient window air conditioner for cooling.,299.99
80,Chocolate Syrup,10,Food - Condiments,Rich chocolate syrup for ice cream or beverages.,2.99
81,Kids' STEM Robotics Kit,3,Toys,Educational robotics kit for building and programming.,59.99
82,Vegetable Stir-Fry Sauce,50,Food - Sauces,Savory sauce for vegetable and meat stir-fries.,3.49
83,Travel Laundry Bag,72,Travel,Compact laundry bag for travel use.,9.99
84,Maple Pecan Oatmeal Cookies,24,Food - Bakery,Soft oatmeal cookies with maple and pecans.,3.99
85,Organic Cereal Bars,54,Food - Snacks,Healthy snack bars packed with oats and fruit.,4.29
86,Eco-Friendly Notepad,70,Office,Notepad made from recycled paper for sustainable note-taking.,8.99
88,Slim Fit Chinos,36,Clothing - Pants,Comfortable slim fit chinos for a polished look.,54.99
89,Portable Hammock,67,Outdoor,Lightweight hammock for easy setup anywhere.,27.99
90,USB Wall Charger,30,Accessories,Multiple USB ports for charging devices simultaneously.,19.99
91,Eco-Friendly Yoga Blocks,21,Fitness,Sustainable foam blocks for yoga practice.,15.99
92,Cauliflower Rice Stir-Fry,63,Food - Frozen Foods,Frozen cauliflower rice blended with mixed vegetables and seasonings.,4.99
93,Memory Foam Mattress Topper,40,Home,3-inch memory foam mattress topper for added comfort.,109.99
94,Handheld Vacuum,97,Home Appliances,Cordless handheld vacuum for quick cleanups.,79.99
95,Buffalo Style Cauliflower Bites,47,Food - Frozen Vegetables,"Frozen cauliflower bites coated in spicy buffalo sauce, ready to bake and enjoy as an appetizer.",5.49
96,Kitchen Scale,64,Kitchen,Digital scale for precise cooking measurements.,19.99
97,USB Flash Drive,40,Storage,32GB USB flash drive with fast data transfer speeds.,9.99
98,Foot Massager Machine,86,Health,Electric foot massager for relaxation and relief.,59.9